{"initial_reset_timestamp": 1605445079.4398413, "timestamps": [1605445079.4645534, 1605445079.4895568, 1605445079.514681, 1605445079.5395732, 1605445079.5645595, 1605445079.597849, 1605445079.6241698, 1605445079.648733, 1605445079.6724963, 1605445079.6964414, 1605445079.7203174, 1605445079.7442226, 1605445079.7680752, 1605445079.7917402, 1605445079.8154752, 1605445079.839264, 1605445079.863044, 1605445079.886856, 1605445079.9106488, 1605445079.9343271, 1605445079.9581072, 1605445079.981764, 1605445080.0055377, 1605445080.0295684, 1605445080.0535443, 1605445080.0773375, 1605445080.1024864, 1605445080.1264782, 1605445080.1501877, 1605445080.1738923, 1605445080.197683, 1605445080.2215755, 1605445080.2452936, 1605445080.2689672, 1605445080.2928352, 1605445080.316687, 1605445080.3403487, 1605445080.3640869, 1605445080.3879936, 1605445080.411734, 1605445080.4354134, 1605445080.45921, 1605445080.4831357, 1605445080.5071971, 1605445080.5309687, 1605445080.5545862, 1605445080.5782275, 1605445080.6020408, 1605445080.6276422, 1605445080.6516209, 1605445080.6757517, 1605445080.699438, 1605445080.7230902, 1605445080.7469358, 1605445080.7707415, 1605445080.7944133, 1605445080.818021, 1605445080.8417323, 1605445080.8655744, 1605445080.8892453, 1605445080.9129007, 1605445080.9365096, 1605445080.9603505, 1605445080.9840713, 1605445081.0082006, 1605445081.031893, 1605445081.0556073, 1605445081.0793333, 1605445081.1031697, 1605445081.1269789, 1605445081.1507173, 1605445081.174327, 1605445081.1979845, 1605445081.2216473, 1605445081.2452073, 1605445081.2689257, 1605445081.2927842, 1605445081.3164525, 1605445081.340095, 1605445081.3637447, 1605445081.3876388, 1605445081.4115236, 1605445081.435201, 1605445081.4589772, 1605445081.4827602, 1605445081.5063696, 1605445081.5300014, 1605445081.5539007, 1605445081.577729, 1605445081.6013973, 1605445081.624969, 1605445081.6509328, 1605445081.675649, 1605445081.699399, 1605445081.7232666, 1605445081.747119, 1605445081.7707527, 1605445081.794381, 1605445081.8180683, 1605445081.84187], "episode_lengths": [200, 200, 200, 200, 200, 200, 200, 200, 200, 200, 200, 200, 200, 200, 200, 200, 200, 200, 200, 200, 200, 200, 200, 200, 200, 200, 200, 200, 200, 200, 200, 200, 200, 200, 200, 200, 200, 200, 200, 200, 200, 200, 200, 200, 200, 200, 200, 200, 200, 200, 200, 200, 200, 200, 200, 200, 200, 200, 200, 200, 200, 200, 200, 200, 200, 200, 200, 200, 200, 200, 200, 200, 200, 200, 200, 200, 200, 200, 200, 200, 200, 200, 200, 200, 200, 200, 200, 200, 200, 200, 200, 200, 200, 200, 200, 200, 200, 200, 200, 200], "episode_rewards": [200.0, 200.0, 200.0, 200.0, 200.0, 200.0, 200.0, 200.0, 200.0, 200.0, 200.0, 200.0, 200.0, 200.0, 200.0, 200.0, 200.0, 200.0, 200.0, 200.0, 200.0, 200.0, 200.0, 200.0, 200.0, 200.0, 200.0, 200.0, 200.0, 200.0, 200.0, 200.0, 200.0, 200.0, 200.0, 200.0, 200.0, 200.0, 200.0, 200.0, 200.0, 200.0, 200.0, 200.0, 200.0, 200.0, 200.0, 200.0, 200.0, 200.0, 200.0, 200.0, 200.0, 200.0, 200.0, 200.0, 200.0, 200.0, 200.0, 200.0, 200.0, 200.0, 200.0, 200.0, 200.0, 200.0, 200.0, 200.0, 200.0, 200.0, 200.0, 200.0, 200.0, 200.0, 200.0, 200.0, 200.0, 200.0, 200.0, 200.0, 200.0, 200.0, 200.0, 200.0, 200.0, 200.0, 200.0, 200.0, 200.0, 200.0, 200.0, 200.0, 200.0, 200.0, 200.0, 200.0, 200.0, 200.0, 200.0, 200.0], "episode_types": ["t", "t", "t", "t", "t", "t", "t", "t", "t", "t", "t", "t", "t", "t", "t", "t", "t", "t", "t", "t", "t", "t", "t", "t", "t", "t", "t", "t", "t", "t", "t", "t", "t", "t", "t", "t", "t", "t", "t", "t", "t", "t", "t", "t", "t", "t", "t", "t", "t", "t", "t", "t", "t", "t", "t", "t", "t", "t", "t", "t", "t", "t", "t", "t", "t", "t", "t", "t", "t", "t", "t", "t", "t", "t", "t", "t", "t", "t", "t", "t", "t", "t", "t", "t", "t", "t", "t", "t", "t", "t", "t", "t", "t", "t", "t", "t", "t", "t", "t", "t"]}